link,Rk,Year,Rd,Pk
/players/o/olowomi01.html,1,1998,1,1
/players/b/bibbymi01.html,2,1998,1,2
/players/l/lafrera01.html,3,1998,1,3
/players/j/jamisan01.html,4,1998,1,4
/players/c/cartevi01.html,5,1998,1,5
/players/t/traylro01.html,6,1998,1,6
/players/w/willija02.html,7,1998,1,7
/players/h/hughela01.html,8,1998,1,8
/players/n/nowitdi01.html,9,1998,1,9
/players/p/piercpa01.html,10,1998,1,10
/players/w/wellsbo01.html,11,1998,1,11
/players/d/doleami01.html,12,1998,1,12
/players/c/clarkke01.html,13,1998,1,13
/players/d/dickemi01.html,14,1998,1,14
/players/h/harprma01.html,15,1998,1,15
/players/d/drewbr01.html,16,1998,1,16
/players/n/nestera01.html,17,1998,1,17
/players/t/turkcmi01.html,18,1998,1,18
/players/g/garripa01.html,19,1998,1,19
/players/m/mcleoro01.html,20,1998,1,20
/players/d/davisri01.html,21,1998,1,21
/players/s/skinnbr01.html,22,1998,1,22
/players/l/luety01.html,23,1998,1,23
/players/l/lopezfe01.html,24,1998,1,24
/players/h/harrial01.html,25,1998,1,25
/players/j/jacobsa01.html,26,1998,1,26
/players/s/stepavl01.html,27,1998,1,27
/players/b/benjaco01.html,28,1998,1,28
/players/m/mohamna01.html,29,1998,1,29
/players/s/sesayan01.html,30,1998,2,30
/players/p/patteru01.html,31,1998,2,31
/players/l/lewisra02.html,32,1998,2,32
/players/m/mccoyje01.html,33,1998,2,33
/players/w/willish01.html,34,1998,2,34
/players/s/sundobr01.html,35,1998,2,35
/players/j/jamesje01.html,36,1998,2,36
/players/s/shawca01.html,37,1998,2,37
/players/j/johnsde02.html,38,1998,2,38
/players/a/alstora01.html,39,1998,2,39
/players/y/youngko01.html,40,1998,2,40
/players/m/moblecu01.html,41,1998,2,41
/players/s/simonmi01.html,42,1998,2,42
/players/w/whiteja01.html,43,1998,2,43
/players/m/marksse01.html,44,1998,2,44
/players/b/baileto01.html,45,1998,2,45
/players/p/pattean01.html,46,1998,2,46
/players/w/wheelty01.html,47,1998,2,47
/players/s/stackry01.html,48,1998,2,48
/players/c/carrco01.html,49,1998,2,49
,50,1998,2,50
,51,1998,2,51
/players/d/dialde01.html,52,1998,2,52
/players/b/buckngr01.html,53,1998,2,53
/players/f/fowlktr01.html,54,1998,2,54
/players/b/bowenry01.html,55,1998,2,55
/players/h/hendejr01.html,56,1998,2,56
/players/b/braggto01.html,57,1998,2,57
/players/b/bastoma01.html,58,1998,2,58
/players/b/brandel01.html,1,1999,1,1
/players/f/francst01.html,2,1999,1,2
/players/d/davisba01.html,3,1999,1,3
/players/o/odomla01.html,4,1999,1,4
/players/b/bendejo01.html,5,1999,1,5
/players/s/szczewa02.html,6,1999,1,6
/players/h/hamilri01.html,7,1999,1,7
/players/m/millean02.html,8,1999,1,8
/players/m/mariosh01.html,9,1999,1,9
/players/t/terryja01.html,10,1999,1,10
/players/l/langdtr01.html,11,1999,1,11
/players/r/radojal01.html,12,1999,1,12
/players/m/maggeco01.html,13,1999,1,13
/players/a/averywi01.html,14,1999,1,14
,15,1999,1,15
/players/a/artesro01.html,16,1999,1,16
/players/b/bowdlca01.html,17,1999,1,17
/players/p/poseyja01.html,18,1999,1,18
/players/l/lewisqu01.html,19,1999,1,19
/players/g/glovedi01.html,20,1999,1,20
/players/f/fosteje01.html,21,1999,1,21
/players/t/thomake01.html,22,1999,1,22
/players/g/georgde01.html,23,1999,1,23
/players/k/kirilan01.html,24,1999,1,24
/players/j/jamesti01.html,25,1999,1,25
/players/c/cummivo01.html,26,1999,1,26
/players/j/jonesju01.html,27,1999,1,27
/players/p/padgesc01.html,28,1999,1,28
/players/s/smithle01.html,29,1999,1,29
/players/c/celesjo01.html,30,1999,2,30
,31,1999,2,31
/players/r/ruffimi01.html,32,1999,2,32
/players/h/herrech01.html,33,1999,2,33
/players/e/eschmev01.html,34,1999,2,34
/players/b/boothca01.html,35,1999,2,35
/players/z/zhizhwa01.html,36,1999,2,36
/players/e/ekeziob01.html,37,1999,2,37
/players/p/profila01.html,38,1999,2,38
/players/b/bramlaj01.html,39,1999,2,39
/players/g/giricgo01.html,40,1999,2,40
/players/e/elsonfr01.html,41,1999,2,41
,42,1999,2,42
/players/n/nailole01.html,43,1999,2,43
,44,1999,2,44
/players/r/roberry01.html,45,1999,2,45
,46,1999,2,46
/players/m/maccuto01.html,47,1999,2,47
,48,1999,2,48
/players/k/ketnela01.html,49,1999,2,49
/players/h/hamilve01.html,50,1999,2,50
,51,1999,2,51
,52,1999,2,52
/players/b/buforro01.html,53,1999,2,53
,54,1999,2,54
,55,1999,2,55
/players/y/youngti01.html,56,1999,2,56
/players/g/ginobma01.html,57,1999,2,57
,58,1999,2,58
/players/m/martike01.html,1,2000,1,1
/players/s/swiftst01.html,2,2000,1,2
/players/m/milesda01.html,3,2000,1,3
/players/f/fizerma01.html,4,2000,1,4
/players/m/millemi01.html,5,2000,1,5
/players/j/johnsde03.html,6,2000,1,6
/players/m/mihmch01.html,7,2000,1,7
/players/c/crawfja01.html,8,2000,1,8
/players/p/przybjo01.html,9,2000,1,9
/players/d/doolike01.html,10,2000,1,10
/players/m/moisoje01.html,11,2000,1,11
/players/t/thomaet01.html,12,2000,1,12
/players/a/alexaco02.html,13,2000,1,13
/players/c/cleavma01.html,14,2000,1,14
/players/c/collija02.html,15,2000,1,15
/players/t/turkohe01.html,16,2000,1,16
/players/m/masonde01.html,17,2000,1,17
/players/r/richaqu01.html,18,2000,1,18
/players/m/magloja01.html,19,2000,1,19
/players/c/claxtsp01.html,20,2000,1,20
/players/p/petermo01.html,21,2000,1,21
/players/h/harvedo01.html,22,2000,1,22
/players/s/stevede01.html,23,2000,1,23
/players/b/bagarda01.html,24,2000,1,24
/players/t/tsakaja01.html,25,2000,1,25
/players/n/ndiayma02.html,26,2000,1,26
/players/b/brezepr01.html,27,2000,1,27
/players/b/barkler01.html,28,2000,1,28
/players/m/madsema01.html,29,2000,1,29
/players/j/jaricma01.html,30,2000,2,30
/players/l/langhda01.html,31,2000,2,31
/players/g/guytoaj01.html,32,2000,2,32
/players/v/voskuja01.html,33,2000,2,33
/players/e/elamikh01.html,34,2000,2,34
/players/s/smithmi03.html,35,2000,2,35
/players/s/samakso01.html,36,2000,2,36
/players/h/houseed01.html,37,2000,2,37
/players/n/najered01.html,38,2000,2,38
/players/p/postela01.html,39,2000,2,39
/players/m/mottoha01.html,40,2000,2,40
,41,2000,2,41
/players/o/oyedeol01.html,42,2000,2,42
/players/r/reddmi01.html,43,2000,2,43
/players/c/cardibr01.html,44,2000,2,44
/players/s/smithja01.html,45,2000,2,45
,46,2000,2,46
,47,2000,2,47
,48,2000,2,48
/players/h/hartja01.html,49,2000,2,49
/players/d/dickeka01.html,50,2000,2,50
/players/r/rakocig01.html,51,2000,2,51
/players/b/browner01.html,52,2000,2,52
/players/m/mcclida01.html,53,2000,2,53
,54,2000,2,54
/players/p/portech01.html,55,2000,2,55
,56,2000,2,56
,57,2000,2,57
,58,2000,2,58
/players/b/brownkw01.html,1,2001,1,1
/players/c/chandty01.html,2,2001,1,2
/players/g/gasolpa01.html,3,2001,1,3
/players/c/curryed01.html,4,2001,1,4
/players/r/richaja01.html,5,2001,1,5
/players/b/battish01.html,6,2001,1,6
/players/g/griffed01.html,7,2001,1,7
/players/d/diopde01.html,8,2001,1,8
/players/w/whitero02.html,9,2001,1,9
/players/j/johnsjo02.html,10,2001,1,10
/players/b/brownke01.html,11,2001,1,11
/players/r/radmavl01.html,12,2001,1,12
/players/j/jefferi01.html,13,2001,1,13
/players/m/murphtr01.html,14,2001,1,14
/players/h/huntest01.html,15,2001,1,15
/players/h/hastoki01.html,16,2001,1,16
/players/b/bradlmi01.html,17,2001,1,17
/players/c/collija04.html,18,2001,1,18
/players/r/randoza01.html,19,2001,1,19
/players/h/haywobr01.html,20,2001,1,20
/players/f/fortejo01.html,21,2001,1,21
/players/s/sasseje01.html,22,2001,1,22
/players/a/armstbr01.html,23,2001,1,23
/players/l/lopezra01.html,24,2001,1,24
/players/w/wallage01.html,25,2001,1,25
/players/d/dalemsa01.html,26,2001,1,26
/players/t/tinslja01.html,27,2001,1,27
/players/p/parketo01.html,28,2001,1,28
/players/h/hassetr01.html,29,2001,2,30
/players/a/arenagi01.html,30,2001,2,31
/players/c/cookom01.html,31,2001,2,32
/players/s/solomwi01.html,32,2001,2,33
/players/m/morrite01.html,33,2001,2,34
/players/s/scalabr01.html,34,2001,2,35
/players/t/trepaje01.html,35,2001,2,36
/players/b/brownda02.html,36,2001,2,37
/players/o/okurme01.html,37,2001,2,38
,38,2001,2,39
/players/w/watsoea01.html,39,2001,2,40
/players/b/breweja01.html,40,2001,2,41
/players/s/simmobo01.html,41,2001,2,42
,42,2001,2,43
,43,2001,2,44
/players/l/lamplse01.html,44,2001,2,45
/players/w/woodslo01.html,45,2001,2,46
,46,2001,2,47
/players/f/fotsian01.html,47,2001,2,48
/players/j/johnske03.html,48,2001,2,49
/players/b/boumtru01.html,49,2001,2,50
/players/f/fordal02.html,50,2001,2,51
,51,2001,2,52
/players/c/collija03.html,52,2001,2,53
/players/s/satteke01.html,53,2001,2,54
,54,2001,2,55
/players/j/javtoro01.html,55,2001,2,56
/players/j/jonesal01.html,56,2001,2,57
,57,2001,2,58
/players/m/mingya01.html,1,2002,1,1
/players/w/willija03.html,2,2002,1,2
/players/d/dunlemi02.html,3,2002,1,3
/players/g/goodedr01.html,4,2002,1,4
/players/t/tskitni01.html,5,2002,1,5
/players/w/wagneda02.html,6,2002,1,6
/players/h/hilarne01.html,7,2002,1,7
/players/w/wilcoch01.html,8,2002,1,8
/players/s/stoudam01.html,9,2002,1,9
/players/b/butleca01.html,10,2002,1,10
/players/j/jeffrja01.html,11,2002,1,11
/players/e/elyme01.html,12,2002,1,12
/players/h/haislma01.html,13,2002,1,13
/players/j/jonesfr01.html,14,2002,1,14
/players/n/nachbbo01.html,15,2002,1,15
/players/w/welscji01.html,16,2002,1,16
/players/d/dixonju01.html,17,2002,1,17
/players/b/borchcu01.html,18,2002,1,18
/players/h/humphry01.html,19,2002,1,19
/players/r/rushka01.html,20,2002,1,20
/players/w/woodsqy01.html,21,2002,1,21
/players/j/jacobca01.html,22,2002,1,22
/players/p/princta01.html,23,2002,1,23
/players/k/krstine01.html,24,2002,1,24
/players/w/willifr02.html,25,2002,1,25
/players/s/salmojo01.html,26,2002,1,26
/players/j/jeffech01.html,27,2002,1,27
/players/d/dickada01.html,28,2002,1,28
,29,2002,2,30
/players/m/masonro01.html,30,2002,2,31
/players/a/archiro01.html,31,2002,2,32
/players/y/yarbrvi01.html,32,2002,2,33
/players/g/gadzuda01.html,33,2002,2,34
/players/b/boozeca01.html,34,2002,2,35
,35,2002,2,36
/players/a/anderda03.html,36,2002,2,37
/players/m/maddoti01.html,37,2002,2,38
,38,2002,2,39
/players/n/navarju01.html,39,2002,2,40
/players/k/kasunma01.html,40,2002,2,41
/players/m/murraro01.html,41,2002,2,42
,42,2002,2,43
/players/b/baxtelo01.html,43,2002,2,44
,44,2002,2,45
/players/b/barnema02.html,45,2002,2,46
/players/s/sampsja01.html,46,2002,2,47
/players/o/owensch01.html,47,2002,2,48
,48,2002,2,49
/players/s/songada01.html,49,2002,2,50
,50,2002,2,51
,51,2002,2,52
/players/b/butlera01.html,52,2002,2,53
/players/s/slayta01.html,53,2002,2,54
,54,2002,2,55
/players/s/scolalu01.html,55,2002,2,56
/players/h/holcora01.html,56,2002,2,57
/players/e/edwarco01.html,57,2002,2,58
/players/j/jamesle01.html,1,2003,1,1
/players/m/milicda01.html,2,2003,1,2
/players/a/anthoca01.html,3,2003,1,3
/players/b/boshch01.html,4,2003,1,4
/players/w/wadedw01.html,5,2003,1,5
/players/k/kamanch01.html,6,2003,1,6
/players/h/hinriki01.html,7,2003,1,7
/players/f/fordtj01.html,8,2003,1,8
/players/s/sweetmi01.html,9,2003,1,9
/players/h/hayesja01.html,10,2003,1,10
/players/p/pietrmi01.html,11,2003,1,11
/players/c/collini01.html,12,2003,1,12
/players/b/banksma01.html,13,2003,1,13
/players/r/ridnolu01.html,14,2003,1,14
/players/g/gainere01.html,15,2003,1,15
/players/b/belltr01.html,16,2003,1,16
/players/c/cabarza01.html,17,2003,1,17
/players/w/westda01.html,18,2003,1,18
/players/p/pavloal01.html,19,2003,1,19
/players/j/jonesda02.html,20,2003,1,20
/players/d/diawbo01.html,21,2003,1,21
/players/p/planizo01.html,22,2003,1,22
/players/o/outlatr01.html,23,2003,1,23
/players/c/cookbr01.html,24,2003,1,24
/players/d/delfica01.html,25,2003,1,25
/players/e/ebind01.html,26,2003,1,26
/players/p/perkike01.html,27,2003,1,27
/players/b/barbole01.html,28,2003,1,28
/players/h/howarjo01.html,29,2003,1,29
/players/l/lampema01.html,30,2003,2,30
/players/k/kaponja01.html,31,2003,2,31
/players/w/waltolu01.html,32,2003,2,32
/players/b/beaslje01.html,33,2003,2,33
/players/s/schorso01.html,34,2003,2,34
/players/s/szewcsz01.html,35,2003,2,35
/players/a/austima01.html,36,2003,2,36
/players/h/hansetr01.html,37,2003,2,37
/players/b/blakest01.html,38,2003,2,38
/players/v/vranesl01.html,39,2003,2,39
/players/z/zimmede01.html,40,2003,2,40
/players/g/greenwi01.html,41,2003,2,41
/players/p/pachuza01.html,42,2003,2,42
/players/b/boganke01.html,43,2003,2,43
,44,2003,2,44
/players/b/bonnema01.html,45,2003,2,45
/players/b/becirsa01.html,46,2003,2,46
/players/w/willima01.html,47,2003,2,47
/players/l/langja01.html,48,2003,2,48
/players/j/jonesja02.html,49,2003,2,49
/players/m/morlepa01.html,50,2003,2,50
/players/k/korveky01.html,51,2003,2,51
,52,2003,2,52
,53,2003,2,53
/players/s/sinanne01.html,54,2003,2,54
,55,2003,2,55
/players/h/huntebr01.html,56,2003,2,56
/players/y/yuyanxu01.html,57,2003,2,57
/players/g/glynian01.html,58,2003,2,58
/players/h/howardw01.html,1,2004,1,1
/players/o/okafoem01.html,2,2004,1,2
/players/g/gordobe01.html,3,2004,1,3
/players/l/livinsh01.html,4,2004,1,4
/players/h/harride01.html,5,2004,1,5
/players/c/childjo01.html,6,2004,1,6
/players/d/denglu01.html,7,2004,1,7
/players/a/araujra01.html,8,2004,1,8
/players/i/iguodan01.html,9,2004,1,9
/players/j/jackslu02.html,10,2004,1,10
/players/b/biedran01.html,11,2004,1,11
/players/s/swiftro01.html,12,2004,1,12
/players/t/telfase01.html,13,2004,1,13
/players/h/humphkr01.html,14,2004,1,14
/players/j/jeffeal01.html,15,2004,1,15
/players/s/snydeki01.html,16,2004,1,16
/players/s/smithjo03.html,17,2004,1,17
/players/s/smithjr01.html,18,2004,1,18
/players/w/wrighdo01.html,19,2004,1,19
/players/n/nelsoja01.html,20,2004,1,20
/players/p/podkopa01.html,21,2004,1,21
/players/k/khryavi01.html,22,2004,1,22
/players/m/moniase01.html,23,2004,1,23
/players/w/westde01.html,24,2004,1,24
/players/a/allento01.html,25,2004,1,25
/players/m/martike02.html,26,2004,1,26
/players/v/vujacsa01.html,27,2004,1,27
/players/u/udrihbe01.html,28,2004,1,28
/players/h/harrida01.html,29,2004,1,29
/players/v/varejan01.html,30,2004,2,30
/players/v/vromaja01.html,31,2004,2,31
/players/r/ramospe01.html,32,2004,2,32
/players/c/chalmli01.html,33,2004,2,33
/players/s/smithdo04.html,34,2004,2,34
/players/e/emmetan01.html,35,2004,2,35
/players/b/burksan01.html,36,2004,2,36
/players/i/iveyro01.html,37,2004,2,37
/players/d/duhonch01.html,38,2004,2,38
/players/m/miralal01.html,39,2004,2,39
/players/r/reedju01.html,40,2004,2,40
,41,2004,2,41
/players/s/sanikvi01.html,42,2004,2,42
/players/a/arizatr01.html,43,2004,2,43
,44,2004,2,44
/players/r/robinbe01.html,45,2004,2,45
/players/s/seungha01.html,46,2004,2,46
/players/s/sowpa01.html,47,2004,2,47
,48,2004,2,48
/players/l/lishcse01.html,49,2004,2,49
/players/s/spanova01.html,50,2004,2,50
,51,2004,2,51
,52,2004,2,52
/players/f/freijma01.html,53,2004,2,53
,54,2004,2,54
/players/f/florelu01.html,55,2004,2,55
,56,2004,2,56
/players/k/karause01.html,57,2004,2,57
,58,2004,2,58
,59,2004,2,59
/players/b/bogutan01.html,1,2005,1,1
/players/w/willima02.html,2,2005,1,2
/players/w/willide01.html,3,2005,1,3
/players/p/paulch01.html,4,2005,1,4
/players/f/feltora01.html,5,2005,1,5
/players/w/webstma02.html,6,2005,1,6
/players/v/villach01.html,7,2005,1,7
/players/f/fryech01.html,8,2005,1,8
/players/d/dioguik01.html,9,2005,1,9
/players/b/bynuman01.html,10,2005,1,10
/players/v/vazqufr01.html,11,2005,1,11
/players/k/korolya01.html,12,2005,1,12
/players/m/mayse01.html,13,2005,1,13
/players/m/mccanra01.html,14,2005,1,14
/players/w/wrighan01.html,15,2005,1,15
/players/g/grahajo01.html,16,2005,1,16
/players/g/grangda01.html,17,2005,1,17
/players/g/greenge01.html,18,2005,1,18
/players/w/warriha01.html,19,2005,1,19
/players/h/hodgeju01.html,20,2005,1,20
/players/r/robinna01.html,21,2005,1,21
/players/j/jackja01.html,22,2005,1,22
/players/g/garcifr01.html,23,2005,1,23
/players/h/headlu01.html,24,2005,1,24
/players/p/petrojo01.html,25,2005,1,25
/players/m/maxieja01.html,26,2005,1,26
/players/k/kleizli01.html,27,2005,1,27
/players/m/mahinia01.html,28,2005,1,28
/players/s/simiewa01.html,29,2005,1,29
/players/l/leeda02.html,30,2005,1,30
/players/s/stoudsa01.html,31,2005,2,31
/players/e/ewingda01.html,32,2005,2,32
/players/b/bassbr01.html,33,2005,2,33
/players/m/milescj01.html,34,2005,2,34
,35,2005,2,35
/players/i/ilyaser01.html,36,2005,2,36
/players/t/turiaro01.html,37,2005,2,37
/players/d/dienetr01.html,38,2005,2,38
/players/w/wafervo01.html,39,2005,2,39
/players/e/ellismo01.html,40,2005,2,40
/players/u/ukicro01.html,41,2005,2,41
/players/t/taftch01.html,42,2005,2,42
/players/i/ilicmi01.html,43,2005,2,43
/players/a/andrima01.html,44,2005,2,44
/players/w/willilo02.html,45,2005,2,45
/players/l/lorbeer01.html,46,2005,2,46
/players/w/wrighbr02.html,47,2005,2,47
/players/g/gelabmi01.html,48,2005,2,48
/players/b/blatcan01.html,49,2005,2,49
/players/g/gomesry01.html,50,2005,2,50
/players/w/whalero01.html,51,2005,2,51
/players/h/herveax01.html,52,2005,2,52
/players/g/greenor01.html,53,2005,2,53
/players/t/thompdi01.html,54,2005,2,54
/players/r/roberla01.html,55,2005,2,55
/players/j/johnsam01.html,56,2005,2,56
/players/g/gortama01.html,57,2005,2,57
/players/s/slokaur01.html,58,2005,2,58
/players/a/akyolce01.html,59,2005,2,59
/players/a/ackeral01.html,60,2005,2,60
/players/b/bargnan01.html,1,2006,1,1
/players/a/aldrila01.html,2,2006,1,2
/players/m/morriad01.html,3,2006,1,3
/players/t/thomaty01.html,4,2006,1,4
/players/w/willish02.html,5,2006,1,5
/players/r/roybr01.html,6,2006,1,6
/players/f/foyera01.html,7,2006,1,7
/players/g/gayru01.html,8,2006,1,8
/players/o/obryapa01.html,9,2006,1,9
/players/s/senesa01.html,10,2006,1,10
/players/r/redicjj01.html,11,2006,1,11
/players/a/armsthi01.html,12,2006,1,12
/players/s/sefolth01.html,13,2006,1,13
/players/b/brewero02.html,14,2006,1,14
/players/s/simmoce01.html,15,2006,1,15
/players/c/carnero01.html,16,2006,1,16
/players/w/willish03.html,17,2006,1,17
/players/p/pecheol01.html,18,2006,1,18
/players/d/doubyqu01.html,19,2006,1,19
/players/b/balkmre01.html,20,2006,1,20
/players/r/rondora01.html,21,2006,1,21
/players/w/willima03.html,22,2006,1,22
/players/b/boonejo01.html,23,2006,1,23
/players/l/lowryky01.html,24,2006,1,24
/players/b/brownsh01.html,25,2006,1,25
/players/f/farmajo01.html,26,2006,1,26
/players/r/rodrise01.html,27,2006,1,27
/players/a/agerma01.html,28,2006,1,28
/players/c/collima01.html,29,2006,1,29
/players/f/freeljo01.html,30,2006,1,30
/players/w/whiteja02.html,31,2006,2,31
/players/n/novakst01.html,32,2006,2,32
/players/j/jonesso01.html,33,2006,2,33
/players/d/davispa01.html,34,2006,2,34
/players/t/tuckepj01.html,35,2006,2,35
/players/s/smithcr01.html,36,2006,2,36
/players/j/jonesbo02.html,37,2006,2,37
/players/p/perovko01.html,38,2006,2,38
/players/n/noelda01.html,39,2006,2,39
,40,2006,2,40
/players/a/augusja01.html,41,2006,2,41
/players/g/gibsoda01.html,42,2006,2,42
/players/v/vincima01.html,43,2006,2,43
/players/e/eliyali01.html,44,2006,2,44
/players/j/johnsal01.html,45,2006,2,45
/players/b/brownde03.html,46,2006,2,46
/players/m/millspa01.html,47,2006,2,47
/players/v/veremvl01.html,48,2006,2,48
/players/p/powele01.html,49,2006,2,49
/players/h/holliry01.html,50,2006,2,50
/players/s/sambch01.html,51,2006,2,51
/players/d/diazgu01.html,52,2006,2,52
/players/h/halpeyo01.html,53,2006,2,53
/players/a/adamsha01.html,54,2006,2,54
/players/u/ugboaej01.html,55,2006,2,55
/players/b/bavcied01.html,56,2006,2,56
,57,2006,2,57
,58,2006,2,58
/players/m/markoda01.html,59,2006,2,59
/players/b/blalowi01.html,60,2006,2,60
/players/o/odengr01.html,1,2007,1,1
/players/d/duranke01.html,2,2007,1,2
/players/h/horfoal01.html,3,2007,1,3
/players/c/conlemi01.html,4,2007,1,4
/players/g/greenje02.html,5,2007,1,5
/players/j/jianlyi01.html,6,2007,1,6
/players/b/breweco01.html,7,2007,1,7
/players/w/wrighbr03.html,8,2007,1,8
/players/n/noahjo01.html,9,2007,1,9
/players/h/hawessp01.html,10,2007,1,10
/players/l/lawac01.html,11,2007,1,11
/players/y/youngth01.html,12,2007,1,12
/players/w/wrighju01.html,13,2007,1,13
/players/t/thornal01.html,14,2007,1,14
/players/s/stuckro01.html,15,2007,1,15
/players/y/youngni01.html,16,2007,1,16
/players/w/willise01.html,17,2007,1,17
/players/b/belinma01.html,18,2007,1,18
/players/c/crittja01.html,19,2007,1,19
/players/s/smithja02.html,20,2007,1,20
/players/c/cookda02.html,21,2007,1,21
/players/d/dudleja01.html,22,2007,1,22
/players/c/chandwi01.html,23,2007,1,23
/players/f/fernaru01.html,24,2007,1,24
/players/a/almonmo01.html,25,2007,1,25
/players/b/brookaa01.html,26,2007,1,26
/players/a/afflaar01.html,27,2007,1,27
/players/s/splitti01.html,28,2007,1,28
/players/t/tuckeal02.html,29,2007,1,29
/players/k/koponpe01.html,30,2007,1,30
/players/l/landrca01.html,31,2007,2,31
/players/p/pruitga01.html,32,2007,2,32
/players/w/willima04.html,33,2007,2,33
/players/f/fazekni01.html,34,2007,2,34
/players/d/davisgl01.html,35,2007,2,35
/players/d/davidje01.html,36,2007,2,36
/players/m/mcrobjo01.html,37,2007,2,37
/players/f/fesenky01.html,38,2007,2,38
/players/b/baracst01.html,39,2007,2,39
/players/y/yuesu01.html,40,2007,2,40
/players/r/richach01.html,41,2007,2,41
/players/b/byarsde01.html,42,2007,2,42
,43,2007,2,43
,44,2007,2,44
,45,2007,2,45
/players/l/lasmest01.html,46,2007,2,46
/players/m/mcguido01.html,47,2007,2,47
/players/g/gasolma01.html,48,2007,2,48
/players/g/grayaa01.html,49,2007,2,49
/players/s/seibure01.html,50,2007,2,50
/players/c/curryja01.html,51,2007,2,51
/players/g/greenta01.html,52,2007,2,52
/players/n/nichode01.html,53,2007,2,53
/players/n/newlebr01.html,54,2007,2,54
,55,2007,2,55
/players/s/sessira01.html,56,2007,2,56
,57,2007,2,57
/players/p/printgi01.html,58,2007,2,58
/players/s/strawdj01.html,59,2007,2,59
/players/r/rakovmi01.html,60,2007,2,60
/players/r/rosede01.html,1,2008,1,1
/players/b/beaslmi01.html,2,2008,1,2
/players/m/mayooj01.html,3,2008,1,3
/players/w/westbru01.html,4,2008,1,4
/players/l/loveke01.html,5,2008,1,5
/players/g/gallida01.html,6,2008,1,6
/players/g/gordoer01.html,7,2008,1,7
/players/a/alexajo01.html,8,2008,1,8
/players/a/augusdj01.html,9,2008,1,9
/players/l/lopezbr01.html,10,2008,1,10
/players/b/bayleje01.html,11,2008,1,11
/players/t/thompja02.html,12,2008,1,12
/players/r/rushbr01.html,13,2008,1,13
/players/r/randoan01.html,14,2008,1,14
/players/l/lopezro01.html,15,2008,1,15
/players/s/speigma01.html,16,2008,1,16
/players/h/hibbero01.html,17,2008,1,17
/players/m/mcgeeja01.html,18,2008,1,18
/players/h/hicksjj01.html,19,2008,1,19
/players/a/ajincal01.html,20,2008,1,20
/players/a/anderry01.html,21,2008,1,21
/players/l/leeco01.html,22,2008,1,22
/players/k/koufoko01.html,23,2008,1,23
/players/i/ibakase01.html,24,2008,1,24
/players/b/batumni01.html,25,2008,1,25
/players/h/hillge01.html,26,2008,1,26
/players/a/arthuda01.html,27,2008,1,27
/players/g/greendo01.html,28,2008,1,28
/players/w/whitedj01.html,29,2008,1,29
/players/g/giddejr01.html,30,2008,1,30
/players/p/pekovni01.html,31,2008,2,31
/players/s/sharpwa01.html,32,2008,2,32
/players/d/dorsejo01.html,33,2008,2,33
/players/c/chalmma01.html,34,2008,2,34
/players/j/jordade01.html,35,2008,2,35
/players/a/asikom01.html,36,2008,2,36
/players/m/mbahalu01.html,37,2008,2,37
/players/w/weaveky01.html,38,2008,2,38
/players/w/weemsso01.html,39,2008,2,39
/players/d/douglch01.html,40,2008,2,40
/players/j/jawaina01.html,41,2008,2,41
/players/s/singlse01.html,42,2008,2,42
/players/e/ewingpa02.html,43,2008,2,43
/players/t/tomican01.html,44,2008,2,44
/players/d/dragigo01.html,45,2008,2,45
,46,2008,2,46
/players/w/walkebi01.html,47,2008,2,47
/players/h/hairsma01.html,48,2008,2,48
,49,2008,2,49
/players/h/hardide01.html,50,2008,2,50
,51,2008,2,51
/players/j/jacksda01.html,52,2008,2,52
/players/d/dragita01.html,53,2008,2,53
/players/l/leunema01.html,54,2008,2,54
/players/t/taylomi01.html,55,2008,2,55
/players/k/kaunsa01.html,56,2008,2,56
,57,2008,2,57
/players/c/crawfjo01.html,58,2008,2,58
,59,2008,2,59
/players/e/erdense01.html,60,2008,2,60
/players/g/griffbl01.html,1,2009,1,1
/players/t/thabeha01.html,2,2009,1,2
/players/h/hardeja01.html,3,2009,1,3
/players/e/evansty01.html,4,2009,1,4
/players/r/rubiori01.html,5,2009,1,5
/players/f/flynnjo01.html,6,2009,1,6
/players/c/curryst01.html,7,2009,1,7
/players/h/hilljo01.html,8,2009,1,8
/players/d/derozde01.html,9,2009,1,9
/players/j/jennibr01.html,10,2009,1,10
/players/w/willite01.html,11,2009,1,11
/players/h/hendege02.html,12,2009,1,12
/players/h/hansbty01.html,13,2009,1,13
/players/c/clarkea01.html,14,2009,1,14
/players/d/dayeau01.html,15,2009,1,15
/players/j/johnsja01.html,16,2009,1,16
/players/h/holidjr01.html,17,2009,1,17
/players/l/lawsoty01.html,18,2009,1,18
/players/t/teaguje01.html,19,2009,1,19
/players/m/maynoer01.html,20,2009,1,20
/players/c/collida01.html,21,2009,1,21
/players/c/clavevi01.html,22,2009,1,22
/players/c/casspom01.html,23,2009,1,23
/players/m/mulleby01.html,24,2009,1,24
/players/b/beaubro01.html,25,2009,1,25
/players/g/gibsota01.html,26,2009,1,26
/players/c/carrode01.html,27,2009,1,27
/players/e/ellinwa01.html,28,2009,1,28
/players/d/douglto01.html,29,2009,1,29
/players/e/eyengch01.html,30,2009,1,30
/players/p/pendeje02.html,31,2009,2,31
/players/t/tayloje02.html,32,2009,2,32
/players/c/cunnida01.html,33,2009,2,33
/players/l/llullse01.html,34,2009,2,34
/players/s/summeda01.html,35,2009,2,35
/players/y/youngsa01.html,36,2009,2,36
/players/b/blairde01.html,37,2009,2,37
/players/b/brockjo01.html,38,2009,2,38
/players/j/jerebjo01.html,39,2009,2,39
/players/b/brownde04.html,40,2009,2,40
/players/m/meeksjo01.html,41,2009,2,41
/players/b/beverpa01.html,42,2009,2,42
/players/t/thornma01.html,43,2009,2,43
/players/b/budinch01.html,44,2009,2,44
/players/c/calatni01.html,45,2009,2,45
/players/g/greenda02.html,46,2009,2,46
/players/n/norelhe01.html,47,2009,2,47
/players/g/griffta01.html,48,2009,2,48
/players/g/gladyse01.html,49,2009,2,49
,50,2009,2,50
,51,2009,2,51
/players/p/priceaj01.html,52,2009,2,52
/players/d/decolna01.html,53,2009,2,53
,54,2009,2,54
/players/m/millspa02.html,55,2009,2,55
,56,2009,2,56
/players/p/preldem01.html,57,2009,2,57
/players/h/hudsole01.html,58,2009,2,58
/players/e/elonuch01.html,59,2009,2,59
,60,2009,2,60
/players/w/walljo01.html,1,2010,1,1
/players/t/turneev01.html,2,2010,1,2
/players/f/favorde01.html,3,2010,1,3
/players/j/johnswe01.html,4,2010,1,4
/players/c/couside01.html,5,2010,1,5
/players/u/udohek01.html,6,2010,1,6
/players/m/monrogr01.html,7,2010,1,7
/players/a/aminual01.html,8,2010,1,8
/players/h/haywago01.html,9,2010,1,9
/players/g/georgpa01.html,10,2010,1,10
/players/a/aldrico01.html,11,2010,1,11
/players/h/henryxa01.html,12,2010,1,12
/players/d/davised01.html,13,2010,1,13
/players/p/pattepa01.html,14,2010,1,14
/players/s/sandela01.html,15,2010,1,15
/players/b/babbilu01.html,16,2010,1,16
/players/s/serapke01.html,17,2010,1,17
/players/b/bledser01.html,18,2010,1,18
/players/b/bradlav01.html,19,2010,1,19
/players/a/anderja01.html,20,2010,1,20
/players/b/brackcr01.html,21,2010,1,21
/players/w/williel01.html,22,2010,1,22
/players/b/booketr01.html,23,2010,1,23
/players/j/jamesda01.html,24,2010,1,24
/players/j/jonesdo02.html,25,2010,1,25
/players/p/pondequ01.html,26,2010,1,26
/players/c/crawfjo02.html,27,2010,1,27
/players/v/vasqugr01.html,28,2010,1,28
/players/o/ortonda01.html,29,2010,1,29
/players/h/haywala01.html,30,2010,1,30
/players/p/pleisti01.html,31,2010,2,31
/players/p/pittmde01.html,32,2010,2,32
/players/w/whiteha01.html,33,2010,2,33
/players/j/johnsar02.html,34,2010,2,34
/players/b/bjeline01.html,35,2010,2,35
,36,2010,2,36
/players/h/hobsoda01.html,37,2010,2,37
/players/r/rautian01.html,38,2010,2,38
/players/f/fieldla01.html,39,2010,2,39
/players/s/stephla01.html,40,2010,2,40
/players/v/varnaja01.html,41,2010,2,41
,42,2010,2,42
/players/e/ebankde01.html,43,2010,2,43
/players/j/jordaje01.html,44,2010,2,44
/players/p/prestpa01.html,45,2010,2,45
/players/l/lawalga01.html,46,2010,2,46
,47,2010,2,47
/players/w/willila01.html,48,2010,2,48
/players/r/richary01.html,49,2010,2,49
/players/a/alabiso01.html,50,2010,2,50
,51,2010,2,51
/players/h/haranlu01.html,52,2010,2,52
/players/s/sypa01.html,53,2010,2,53
/players/w/warrewi01.html,54,2010,2,54
/players/e/evansje01.html,55,2010,2,55
/players/n/ndiayha01.html,56,2010,2,56
/players/r/reidry01.html,57,2010,2,57
/players/c/caracde01.html,58,2010,2,58
,59,2010,2,59
/players/c/collidw01.html,60,2010,2,60
/players/i/irvinky01.html,1,2011,1,1
/players/w/willide02.html,2,2011,1,2
/players/k/kanteen01.html,3,2011,1,3
/players/t/thomptr01.html,4,2011,1,4
/players/v/valanjo01.html,5,2011,1,5
/players/v/veselja01.html,6,2011,1,6
/players/b/biyombi01.html,7,2011,1,7
/players/k/knighbr03.html,8,2011,1,8
/players/w/walkeke02.html,9,2011,1,9
/players/f/fredeji01.html,10,2011,1,10
/players/t/thompkl01.html,11,2011,1,11
/players/b/burksal01.html,12,2011,1,12
/players/m/morrima02.html,13,2011,1,13
/players/m/morrima03.html,14,2011,1,14
/players/l/leonaka01.html,15,2011,1,15
/players/v/vucevni01.html,16,2011,1,16
/players/s/shumpim01.html,17,2011,1,17
/players/s/singlch01.html,18,2011,1,18
/players/h/harrito02.html,19,2011,1,19
/players/m/motiedo01.html,20,2011,1,20
/players/s/smithno01.html,21,2011,1,21
/players/f/farieke01.html,22,2011,1,22
/players/m/mirotni01.html,23,2011,1,23
/players/j/jacksre01.html,24,2011,1,24
/players/b/brookma01.html,25,2011,1,25
/players/h/hamiljo02.html,26,2011,1,26
/players/j/johnsja02.html,27,2011,1,27
/players/c/coleno01.html,28,2011,1,28
/players/j/josepco01.html,29,2011,1,29
/players/b/butleji01.html,30,2011,1,30
/players/b/bogdabo02.html,31,2011,2,31
/players/h/harpeju01.html,32,2011,2,32
/players/s/singlky01.html,33,2011,2,33
/players/m/macksh01.html,34,2011,2,34
/players/h/honeyty01.html,35,2011,2,35
/players/w/willijo03.html,36,2011,2,36
/players/t/thomptr02.html,37,2011,2,37
/players/p/parsoch01.html,38,2011,2,38
/players/t/tylerje01.html,39,2011,2,39
/players/l/leuerjo01.html,40,2011,2,40
/players/m/morrida01.html,41,2011,2,41
/players/b/bertada01.html,42,2011,2,42
/players/l/leema01.html,43,2011,2,43
/players/j/jenkich01.html,44,2011,2,44
/players/h/harrejo01.html,45,2011,2,45
/players/g/goudean01.html,46,2011,2,46
/players/l/leslitr01.html,47,2011,2,47
/players/b/bensoke02.html,48,2011,2,48
/players/s/selbyjo01.html,49,2011,2,49
/players/a/allenla01.html,50,2011,2,50
/players/d/diebljo01.html,51,2011,2,51
/players/m/macklve01.html,52,2011,2,52
/players/l/liggide01.html,53,2011,2,53
/players/m/macvami01.html,54,2011,2,54
/players/m/mooreet01.html,55,2011,2,55
/players/m/maduach01.html,56,2011,2,56
,57,2011,2,57
/players/m/majokat01.html,58,2011,2,58
/players/h/hangaad01.html,59,2011,2,59
/players/t/thomais02.html,60,2011,2,60
/players/d/davisan02.html,1,2012,1,1
/players/k/kiddgmi01.html,2,2012,1,2
/players/b/bealbr01.html,3,2012,1,3
/players/w/waitedi01.html,4,2012,1,4
/players/r/robinth01.html,5,2012,1,5
/players/l/lillada01.html,6,2012,1,6
/players/b/barneha02.html,7,2012,1,7
/players/r/rosste01.html,8,2012,1,8
/players/d/drumman01.html,9,2012,1,9
/players/r/riverau01.html,10,2012,1,10
/players/l/leoname01.html,11,2012,1,11
/players/l/lambje01.html,12,2012,1,12
/players/m/marshke01.html,13,2012,1,13
/players/h/hensojo01.html,14,2012,1,14
/players/h/harklma01.html,15,2012,1,15
/players/w/whitero03.html,16,2012,1,16
/players/z/zellety01.html,17,2012,1,17
/players/j/joneste01.html,18,2012,1,18
/players/n/nichoan01.html,19,2012,1,19
/players/f/fournev01.html,20,2012,1,20
/players/s/sullija01.html,21,2012,1,21
/players/m/melofa01.html,22,2012,1,22
/players/j/jenkijo01.html,23,2012,1,23
/players/c/cunnija01.html,24,2012,1,24
/players/w/wroteto01.html,25,2012,1,25
/players/p/plumlmi01.html,26,2012,1,26
/players/m/moultar01.html,27,2012,1,27
/players/j/jonespe01.html,28,2012,1,28
/players/t/teaguma01.html,29,2012,1,29
/players/e/ezelife01.html,30,2012,1,30
/players/t/tayloje03.html,31,2012,2,31
/players/s/satorto01.html,32,2012,2,32
/players/j/jamesbe01.html,33,2012,2,33
/players/c/crowdja01.html,34,2012,2,34
/players/g/greendr01.html,35,2012,2,35
/players/j/johnsor01.html,36,2012,2,36
/players/a/acyqu01.html,37,2012,2,37
/players/m/millequ01.html,38,2012,2,38
/players/m/middlkh01.html,39,2012,2,39
/players/b/bartowi01.html,40,2012,2,40
/players/t/tayloty01.html,41,2012,2,41
/players/l/lambdo01.html,42,2012,2,42
/players/s/scottmi01.html,43,2012,2,43
/players/e/engliki01.html,44,2012,2,44
/players/h/hamilju01.html,45,2012,2,45
/players/m/milleda01.html,46,2012,2,46
/players/m/murphke01.html,47,2012,2,47
/players/p/papanko01.html,48,2012,2,48
/players/o/oquinky01.html,49,2012,2,49
/players/t/turkyiz01.html,50,2012,2,50
/players/j/josepkr01.html,51,2012,2,51
/players/k/kuzmiog01.html,52,2012,2,52
/players/a/aldemfu01.html,53,2012,2,53
/players/s/shengto01.html,54,2012,2,54
/players/j/johnsda03.html,55,2012,2,55
/players/z/zubcito01.html,56,2012,2,56
/players/k/karamil01.html,57,2012,2,57
/players/h/hummero01.html,58,2012,2,58
/players/d/denmoma01.html,59,2012,2,59
/players/s/sacrero01.html,60,2012,2,60
/players/b/bennean01.html,1,2013,1,1
/players/o/oladivi01.html,2,2013,1,2
/players/p/porteot01.html,3,2013,1,3
/players/z/zelleco01.html,4,2013,1,4
/players/l/lenal01.html,5,2013,1,5
/players/n/noelne01.html,6,2013,1,6
/players/m/mclembe01.html,7,2013,1,7
/players/c/caldwke01.html,8,2013,1,8
/players/b/burketr01.html,9,2013,1,9
/players/m/mccolcj01.html,10,2013,1,10
/players/c/cartemi01.html,11,2013,1,11
/players/a/adamsst01.html,12,2013,1,12
/players/o/olynyke01.html,13,2013,1,13
/players/m/muhamsh01.html,14,2013,1,14
/players/a/antetgi01.html,15,2013,1,15
/players/n/noguelu01.html,16,2013,1,16
/players/s/schrode01.html,17,2013,1,17
/players/l/larkish01.html,18,2013,1,18
/players/k/karasse01.html,19,2013,1,19
/players/s/snellto01.html,20,2013,1,20
/players/d/dienggo01.html,21,2013,1,21
/players/p/plumlma01.html,22,2013,1,22
/players/h/hillso01.html,23,2013,1,23
/players/h/hardati02.html,24,2013,1,24
/players/b/bullore01.html,25,2013,1,25
/players/r/roberan03.html,26,2013,1,26
/players/g/goberru01.html,27,2013,1,27
/players/j/jeancli01.html,28,2013,1,28
/players/g/goodwar01.html,29,2013,1,29
/players/n/nedovne01.html,30,2013,1,30
/players/c/crabbal01.html,31,2013,2,31
/players/a/abrinal01.html,32,2013,2,32
/players/f/felixca01.html,33,2013,2,33
/players/c/canaais01.html,34,2013,2,34
/players/r/ricegl02.html,35,2013,2,35
/players/m/mccalra01.html,36,2013,2,36
/players/m/mitchto02.html,37,2013,2,37
/players/w/woltena01.html,38,2013,2,38
/players/w/witheje01.html,39,2013,2,39
/players/j/jerregr01.html,40,2013,2,40
/players/f/frankja01.html,41,2013,2,41
/players/j/jackspi01.html,42,2013,2,42
/players/l/ledori01.html,43,2013,2,43
/players/m/muscami01.html,44,2013,2,44
/players/t/todorma01.html,45,2013,2,45
/players/g/greener01.html,46,2013,2,46
/players/n/netora01.html,47,2013,2,47
/players/k/kellyry01.html,48,2013,2,48
/players/m/murpher01.html,49,2013,2,49
/players/e/ennisja01.html,50,2013,2,50
,51,2013,2,51
/players/b/brownlo01.html,52,2013,2,52
/players/i/iversco01.html,53,2013,2,53
/players/k/kazemar01.html,54,2013,2,54
/players/l/lauvejo01.html,55,2013,2,55
/players/s/sivape01.html,56,2013,2,56
/players/o/oriakal01.html,57,2013,2,57
/players/t/thomade01.html,58,2013,2,58
/players/d/dubljbo01.html,59,2013,2,59
/players/t/timmaja01.html,60,2013,2,60
/players/w/wiggian01.html,1,2014,1,1
/players/p/parkeja01.html,2,2014,1,2
/players/e/embiijo01.html,3,2014,1,3
/players/g/gordoaa01.html,4,2014,1,4
/players/e/exumda01.html,5,2014,1,5
/players/s/smartma01.html,6,2014,1,6
/players/r/randlju01.html,7,2014,1,7
/players/s/stausni01.html,8,2014,1,8
/players/v/vonleno01.html,9,2014,1,9
/players/p/paytoel01.html,10,2014,1,10
/players/m/mcderdo01.html,11,2014,1,11
/players/s/saricda01.html,12,2014,1,12
/players/l/lavinza01.html,13,2014,1,13
/players/w/warretj01.html,14,2014,1,14
/players/p/paynead01.html,15,2014,1,15
/players/n/nurkiju01.html,16,2014,1,16
/players/y/youngja01.html,17,2014,1,17
/players/e/ennisty01.html,18,2014,1,18
/players/h/harriga01.html,19,2014,1,19
/players/c/cabocbr01.html,20,2014,1,20
/players/m/mcgarmi01.html,21,2014,1,21
/players/a/adamsjo01.html,22,2014,1,22
/players/h/hoodro01.html,23,2014,1,23
/players/n/napiesh01.html,24,2014,1,24
/players/c/capelca01.html,25,2014,1,25
/players/h/hairspj02.html,26,2014,1,26
/players/b/bogdabo01.html,27,2014,1,27
/players/w/wilcocj01.html,28,2014,1,28
/players/h/huestjo01.html,29,2014,1,29
/players/a/anderky01.html,30,2014,1,30
/players/i/inglida01.html,31,2014,2,31
/players/m/mcdankj01.html,32,2014,2,32
/players/h/harrijo01.html,33,2014,2,33
/players/e/earlycl01.html,34,2014,2,34
/players/s/stokeja01.html,35,2014,2,35
/players/o/obryajo01.html,36,2014,2,36
/players/d/daniede01.html,37,2014,2,37
/players/d/dinwisp01.html,38,2014,2,38
/players/g/grantje01.html,39,2014,2,39
/players/r/robingl02.html,40,2014,2,40
/players/j/jokicni01.html,41,2014,2,41
/players/j/johnsni01.html,42,2014,2,42
/players/t/tavarwa01.html,43,2014,2,43
/players/b/brownma02.html,44,2014,2,44
/players/p/poweldw01.html,45,2014,2,45
/players/c/clarkjo01.html,46,2014,2,46
/players/s/smithru01.html,47,2014,2,47
/players/p/pattela01.html,48,2014,2,48
/players/b/bairsca01.html,49,2014,2,49
/players/b/brownal01.html,50,2014,2,50
/players/a/antetth01.html,51,2014,2,51
/players/m/micicva01.html,52,2014,2,52
/players/g/gential01.html,53,2014,2,53
/players/d/dangune01.html,54,2014,2,54
/players/c/chrisse01.html,55,2014,2,55
/players/m/marblde01.html,56,2014,2,56
/players/l/labeylo01.html,57,2014,2,57
/players/m/mcraejo01.html,58,2014,2,58
/players/t/thamexa01.html,59,2014,2,59
/players/j/jeffeco01.html,60,2014,2,60
/players/t/townska01.html,1,2015,1,1
/players/r/russeda01.html,2,2015,1,2
/players/o/okafoja01.html,3,2015,1,3
/players/p/porzikr01.html,4,2015,1,4
/players/h/hezonma01.html,5,2015,1,5
/players/c/caulewi01.html,6,2015,1,6
/players/m/mudiaem01.html,7,2015,1,7
/players/j/johnsst04.html,8,2015,1,8
/players/k/kaminfr01.html,9,2015,1,9
/players/w/winslju01.html,10,2015,1,10
/players/t/turnemy01.html,11,2015,1,11
/players/l/lylestr01.html,12,2015,1,12
/players/b/bookede01.html,13,2015,1,13
/players/p/payneca01.html,14,2015,1,14
/players/o/oubreke01.html,15,2015,1,15
/players/r/roziete01.html,16,2015,1,16
/players/v/vaughra01.html,17,2015,1,17
/players/d/dekkesa01.html,18,2015,1,18
/players/g/grantje02.html,19,2015,1,19
/players/w/wrighde01.html,20,2015,1,20
/players/a/anderju01.html,21,2015,1,21
/players/p/portibo01.html,22,2015,1,22
/players/h/holliro01.html,23,2015,1,23
/players/j/jonesty01.html,24,2015,1,24
/players/m/martija01.html,25,2015,1,25
/players/m/milutni01.html,26,2015,1,26
/players/n/nancela02.html,27,2015,1,27
/players/h/hunterj01.html,28,2015,1,28
/players/m/mcculch01.html,29,2015,1,29
/players/l/looneke01.html,30,2015,1,30
/players/o/osmande01.html,31,2015,2,31
/players/h/harremo01.html,32,2015,2,32
/players/m/mickejo01.html,33,2015,2,33
/players/b/brownan02.html,34,2015,2,34
/players/h/hernawi01.html,35,2015,2,35
/players/c/chrisra01.html,36,2015,2,36
/players/h/holmeri01.html,37,2015,2,37
/players/h/hillida01.html,38,2015,2,38
/players/v/vauleju01.html,39,2015,2,39
/players/r/richajo01.html,40,2015,2,40
/players/c/connapa01.html,41,2015,2,41
/players/h/hanlaol01.html,42,2015,2,42
/players/y/youngjo01.html,43,2015,2,43
/players/h/harrian01.html,44,2015,2,44
/players/t/thornma02.html,45,2015,2,45
/players/p/powelno01.html,46,2015,2,46
/players/g/gudaiar01.html,47,2015,2,47
/players/j/johnsda04.html,48,2015,2,48
/players/w/whiteaa01.html,49,2015,2,49
/players/e/eriksma01.html,50,2015,2,50
/players/h/harvety01.html,51,2015,2,51
/players/s/singhsa01.html,52,2015,2,52
/players/p/pointsi01.html,53,2015,2,53
/players/d/diezda01.html,54,2015,2,54
/players/l/lalanca01.html,55,2015,2,55
/players/d/dawsobr01.html,56,2015,2,56
/players/r/radicni01.html,57,2015,2,57
/players/t/tokotjp01.html,58,2015,2,58
/players/a/agravdi01.html,59,2015,2,59
/players/m/mitrolu01.html,60,2015,2,60
/players/s/simmobe01.html,1,2016,1,1
/players/i/ingrabr01.html,2,2016,1,2
/players/b/brownja02.html,3,2016,1,3
/players/b/bendedr01.html,4,2016,1,4
/players/d/dunnkr01.html,5,2016,1,5
/players/h/hieldbu01.html,6,2016,1,6
/players/m/murraja01.html,7,2016,1,7
/players/c/chrisma01.html,8,2016,1,8
/players/p/poeltja01.html,9,2016,1,9
/players/m/makerth01.html,10,2016,1,10
/players/s/sabondo01.html,11,2016,1,11
/players/p/princta02.html,12,2016,1,12
/players/p/papagge01.html,13,2016,1,13
/players/v/valende01.html,14,2016,1,14
/players/h/hernaju01.html,15,2016,1,15
/players/y/yabusgu01.html,16,2016,1,16
/players/b/baldwwa01.html,17,2016,1,17
/players/e/ellenhe01.html,18,2016,1,18
/players/b/beaslma01.html,19,2016,1,19
/players/l/leverca01.html,20,2016,1,20
/players/b/bembrde01.html,21,2016,1,21
/players/r/richama01.html,22,2016,1,22
/players/z/zizican01.html,23,2016,1,23
/players/l/luwawti01.html,24,2016,1,24
/players/j/johnsbr02.html,25,2016,1,25
/players/k/korkmfu01.html,26,2016,1,26
/players/s/siakapa01.html,27,2016,1,27
/players/l/labissk01.html,28,2016,1,28
/players/m/murrade01.html,29,2016,1,29
/players/j/jonesda03.html,30,2016,1,30
/players/d/davisde01.html,31,2016,2,31
/players/z/zubaciv01.html,32,2016,2,32
/players/d/diallch01.html,33,2016,2,33
/players/u/ulisty01.html,34,2016,2,34
/players/z/zagorra01.html,35,2016,2,35
/players/b/brogdma01.html,36,2016,2,36
/players/o/onuakch01.html,37,2016,2,37
/players/m/mccawpa01.html,38,2016,2,38
/players/m/michida01.html,39,2016,2,39
/players/s/stonedi01.html,40,2016,2,40
/players/z/zimmest01.html,41,2016,2,41
/players/w/whiteis01.html,42,2016,2,42
/players/q/qizh01.html,43,2016,2,43
/players/c/cordiis01.html,44,2016,2,44
/players/j/jacksde01.html,45,2016,2,45
/players/h/hammoaj01.html,46,2016,2,46
/players/l/laymaja01.html,47,2016,2,47
/players/z/zipsepa01.html,48,2016,2,48
/players/g/gbinimi01.html,49,2016,2,49
/players/n/niangge01.html,50,2016,2,50
/players/b/bentibe01.html,51,2016,2,51
/players/b/bolomjo01.html,52,2016,2,52
/players/c/cornepe01.html,53,2016,2,53
/players/f/feldeka01.html,54,2016,2,54
/players/p/paigema01.html,55,2016,2,55
/players/h/hamilda02.html,56,2016,2,56
/players/s/sheliwa01.html,57,2016,2,57
/players/n/naderab01.html,58,2016,2,58
/players/c/cousiis01.html,59,2016,2,59
/players/w/wallaty01.html,60,2016,2,60
/players/f/fultzma01.html,1,2017,1,1
/players/b/balllo01.html,2,2017,1,2
/players/t/tatumja01.html,3,2017,1,3
/players/j/jacksjo02.html,4,2017,1,4
/players/f/foxde01.html,5,2017,1,5
/players/i/isaacjo01.html,6,2017,1,6
/players/m/markkla01.html,7,2017,1,7
/players/n/ntilila01.html,8,2017,1,8
/players/s/smithde03.html,9,2017,1,9
/players/c/colliza01.html,10,2017,1,10
/players/m/monkma01.html,11,2017,1,11
/players/k/kennalu01.html,12,2017,1,12
/players/m/mitchdo01.html,13,2017,1,13
/players/a/adebaba01.html,14,2017,1,14
/players/j/jacksju01.html,15,2017,1,15
/players/p/pattoju01.html,16,2017,1,16
/players/w/wilsodj01.html,17,2017,1,17
/players/l/leaftj01.html,18,2017,1,18
/players/c/collijo01.html,19,2017,1,19
/players/g/gilesha01.html,20,2017,1,20
/players/f/fergute01.html,21,2017,1,21
/players/a/allenja01.html,22,2017,1,22
/players/a/anunoog01.html,23,2017,1,23
/players/l/lydonty01.html,24,2017,1,24
/players/p/pasecan01.html,25,2017,1,25
/players/s/swanica01.html,26,2017,1,26
/players/k/kuzmaky01.html,27,2017,1,27
/players/b/bradlto01.html,28,2017,1,28
/players/w/whitede01.html,29,2017,1,29
/players/h/hartjo01.html,30,2017,1,30
/players/j/jacksfr01.html,31,2017,2,31
/players/r/reedda01.html,32,2017,2,32
/players/i/iwundwe01.html,33,2017,2,33
/players/m/masonfr01.html,34,2017,2,34
/players/r/rabbiv01.html,35,2017,2,35
/players/b/boldejo01.html,36,2017,2,36
/players/o/ojelese01.html,37,2017,2,37
/players/b/belljo01.html,38,2017,2,38
/players/e/evansja01.html,39,2017,2,39
/players/b/bacondw01.html,40,2017,2,40
/players/d/dorsety01.html,41,2017,2,41
/players/b/bryanth01.html,42,2017,2,42
/players/h/harteis01.html,43,2017,2,43
/players/d/dotsoda01.html,44,2017,2,44
/players/b/brookdi01.html,45,2017,2,45
/players/b/brownst02.html,46,2017,2,46
/players/a/anigbik01.html,47,2017,2,47
/players/t/thornsi01.html,48,2017,2,48
/players/c/cancavl01.html,49,2017,2,49
/players/l/lessoma01.html,50,2017,2,50
/players/m/morrimo01.html,51,2017,2,51
/players/s/sumneed01.html,52,2017,2,52
/players/a/allenka01.html,53,2017,2,53
/players/p/peteral01.html,54,2017,2,54
/players/w/willini01.html,55,2017,2,55
/players/b/birdja01.html,56,2017,2,56
/players/v/vezenal01.html,57,2017,2,57
/players/j/jaramog01.html,58,2017,2,58
/players/b/blossja01.html,59,2017,2,59
/players/k/kabaal01.html,60,2017,2,60
/players/a/aytonde01.html,1,2018,1,1
/players/b/baglema01.html,2,2018,1,2
/players/d/doncilu01.html,3,2018,1,3
/players/j/jacksja02.html,4,2018,1,4
/players/y/youngtr01.html,5,2018,1,5
/players/b/bambamo01.html,6,2018,1,6
/players/c/cartewe01.html,7,2018,1,7
/players/s/sextoco01.html,8,2018,1,8
/players/k/knoxke01.html,9,2018,1,9
/players/b/bridgmi01.html,10,2018,1,10
/players/g/gilgesh01.html,11,2018,1,11
/players/b/bridgmi02.html,12,2018,1,12
/players/r/robinje01.html,13,2018,1,13
/players/p/portemi01.html,14,2018,1,14
/players/b/browntr01.html,15,2018,1,15
/players/s/smithzh01.html,16,2018,1,16
/players/d/divindo01.html,17,2018,1,17
/players/w/walkelo01.html,18,2018,1,18
/players/h/huertke01.html,19,2018,1,19
/players/o/okogijo01.html,20,2018,1,20
/players/a/allengr01.html,21,2018,1,21
/players/h/hutchch01.html,22,2018,1,22
/players/h/holidaa01.html,23,2018,1,23
/players/s/simonan01.html,24,2018,1,24
/players/w/wagnemo01.html,25,2018,1,25
/players/s/shamela01.html,26,2018,1,26
/players/w/williro04.html,27,2018,1,27
/players/e/evansja02.html,28,2018,1,28
/players/m/musadz01.html,29,2018,1,29
/players/s/spellom01.html,30,2018,1,30
/players/o/okoboel01.html,31,2018,2,31
/players/c/carteje01.html,32,2018,2,32
/players/b/brunsja01.html,33,2018,2,33
/players/g/grahade01.html,34,2018,2,34
/players/f/frazime01.html,35,2018,2,35
/players/r/robinmi01.html,36,2018,2,36
/players/t/trentga02.html,37,2018,2,37
/players/t/thomakh01.html,38,2018,2,38
/players/b/bongais01.html,39,2018,2,39
/players/k/kurucro01.html,40,2018,2,40
/players/v/vandeja01.html,41,2018,2,41
/players/b/brownbr01.html,42,2018,2,42
/players/j/jacksju02.html,43,2018,2,43
/players/s/sanonis01.html,44,2018,2,44
/players/d/diallha01.html,45,2018,2,45
/players/m/meltode01.html,46,2018,2,46
/players/m/mykhasv01.html,47,2018,2,47
/players/b/bateske01.html,48,2018,2,48
/players/m/metuch01.html,49,2018,2,49
/players/j/johnsal02.html,50,2018,2,50
/players/c/carrto01.html,51,2018,2,51
/players/e/edwarvi01.html,52,2018,2,52
/players/h/hallde01.html,53,2018,2,53
/players/m/miltosh01.html,54,2018,2,54
/players/k/kulboar01.html,55,2018,2,55
/players/s/spaldra01.html,56,2018,2,56
/players/h/herveke01.html,57,2018,2,57
/players/w/welshth01.html,58,2018,2,58
/players/k/kingge03.html,59,2018,2,59
/players/a/antetko01.html,60,2018,2,60